software,CAPE-A,CAPE-N,CAPE-AN
software,2.611111111111111,1.6944444444444446,1.6944444444444449
software,2.611111111111111,1.6944444444444446,1.6944444444444449
software,2.611111111111111,1.6944444444444446,1.6944444444444449
software,2.611111111111111,1.6944444444444446,1.6944444444444449
software,2.611111111111111,1.6944444444444446,1.6944444444444449
