software,a-index,PageRank_BR,PageRank,g-core,h-index,k-core,PageRank_IVOL,ElementRank,Pride,CAPE
software,9.194444444444443,6.277777777777778,6.277777777777778,5.638888888888888,4.472222222222221,5.166666666666667,5.750000000000001,4.694444444444445,4.527777777777778,3.0
software,9.194444444444443,6.277777777777778,6.277777777777778,5.638888888888888,4.472222222222221,5.166666666666667,5.750000000000001,4.694444444444445,4.527777777777778,3.0
software,9.194444444444443,6.277777777777778,6.277777777777778,5.638888888888888,4.472222222222221,5.166666666666667,5.750000000000001,4.694444444444445,4.527777777777778,3.0
